{
    "metrics": {
        "vus_max": {
            "value": 40,
            "min": 40,
            "max": 40
        },
        "http_req_duration": {
            "avg": 8.463573137303726,
            "min": 1.616,
            "med": 7.129,
            "max": 154.911,
            "p(90)": 13.796,
            "p(95)": 15.822,
            "thresholds": {
                "p(95)<800": false
            }
        },
        "data_received": {
            "count": 5745848,
            "rate": 19150.463052681826
        },
        "checks": {
            "passes": 40130,
            "fails": 0,
            "value": 1
        },
        "http_req_receiving": {
            "avg": 0.06861913780214271,
            "min": 0.004,
            "med": 0.034,
            "max": 10.075,
            "p(90)": 0.116,
            "p(95)": 0.152
        },
        "http_req_duration{expected_response:true}": {
            "avg": 8.463573137303726,
            "min": 1.616,
            "med": 7.129,
            "max": 154.911,
            "p(90)": 13.796,
            "p(95)": 15.822
        },
        "http_req_waiting": {
            "p(95)": 15.633549999999998,
            "avg": 8.376364315973065,
            "min": 1.576,
            "med": 7.069,
            "max": 154.765,
            "p(90)": 13.65
        },
        "http_req_failed": {
            "passes": 0,
            "fails": 40130,
            "thresholds": {
                "rate<0.01": false
            },
            "value": 0
        },
        "http_reqs": {
            "count": 40130,
            "rate": 133.75015877623662
        },
        "http_req_blocked": {
            "med": 0.002,
            "max": 5.379,
            "p(90)": 0.006,
            "p(95)": 0.01,
            "avg": 0.0077907052080724,
            "min": 0
        },
        "http_req_connecting": {
            "min": 0,
            "med": 0,
            "max": 5.296,
            "p(90)": 0,
            "p(95)": 0,
            "avg": 0.0034421380513331673
        },
        "data_sent": {
            "count": 6295951,
            "rate": 20983.913428791573
        },
        "iterations": {
            "count": 40130,
            "rate": 133.75015877623662
        },
        "http_req_tls_handshaking": {
            "med": 0,
            "max": 0,
            "p(90)": 0,
            "p(95)": 0,
            "avg": 0,
            "min": 0
        },
        "iteration_duration": {
            "avg": 208.95822994281073,
            "min": 201.732625,
            "med": 207.461271,
            "max": 355.145584,
            "p(90)": 214.7818045,
            "p(95)": 216.76298955000001
        },
        "vus": {
            "value": 40,
            "min": 1,
            "max": 40
        },
        "http_req_sending": {
            "max": 8.847,
            "p(90)": 0.027,
            "p(95)": 0.042,
            "avg": 0.018589683528532477,
            "min": 0.002,
            "med": 0.008
        }
    },
    "root_group": {
        "groups": {},
        "checks": {
                "status 200": {
                    "name": "status 200",
                    "path": "::status 200",
                    "id": "fad9fa412b86fcb03bee97c80dcd61f1",
                    "passes": 40130,
                    "fails": 0
                }
            },
        "name": "",
        "path": "",
        "id": "d41d8cd98f00b204e9800998ecf8427e"
    }
}