{
    "root_group": {
        "groups": {},
        "checks": {
                "status 200": {
                    "name": "status 200",
                    "path": "::status 200",
                    "id": "fad9fa412b86fcb03bee97c80dcd61f1",
                    "passes": 40143,
                    "fails": 0
                }
            },
        "name": "",
        "path": "",
        "id": "d41d8cd98f00b204e9800998ecf8427e"
    },
    "metrics": {
        "http_req_duration{expected_response:true}": {
            "p(95)": 16.437,
            "avg": 8.568027252572135,
            "min": 1.689,
            "med": 7.312,
            "max": 163.563,
            "p(90)": 13.937
        },
        "iterations": {
            "count": 40143,
            "rate": 133.72243142004314
        },
        "http_req_waiting": {
            "avg": 8.463949904092836,
            "min": 1.632,
            "med": 7.224,
            "max": 162.553,
            "p(90)": 13.7338,
            "p(95)": 16.200799999999997
        },
        "http_req_duration": {
            "avg": 8.568027252572135,
            "min": 1.689,
            "med": 7.312,
            "max": 163.563,
            "p(90)": 13.937,
            "p(95)": 16.437,
            "thresholds": {
                "p(95)<800": false
            }
        },
        "data_sent": {
            "count": 6298087,
            "rate": 20979.884585979256
        },
        "vus_max": {
            "value": 40,
            "min": 40,
            "max": 40
        },
        "http_req_failed": {
            "fails": 40143,
            "passes": 0,
            "thresholds": {
                "rate<0.01": false
            },
            "value": 0
        },
        "http_req_blocked": {
            "min": 0,
            "med": 0.003,
            "max": 8.618,
            "p(90)": 0.006,
            "p(95)": 0.009,
            "avg": 0.008760057793387848
        },
        "data_received": {
            "count": 5747726,
            "rate": 19146.548485569063
        },
        "checks": {
            "passes": 40143,
            "fails": 0,
            "value": 1
        },
        "http_reqs": {
            "count": 40143,
            "rate": 133.72243142004314
        },
        "http_req_connecting": {
            "avg": 0.003926986024960765,
            "min": 0,
            "med": 0,
            "max": 4.45,
            "p(90)": 0,
            "p(95)": 0
        },
        "http_req_sending": {
            "avg": 0.017380589392918647,
            "min": 0.002,
            "med": 0.009,
            "max": 6.868,
            "p(90)": 0.026,
            "p(95)": 0.041
        },
        "iteration_duration": {
            "min": 201.818875,
            "med": 207.758375,
            "max": 365.903125,
            "p(90)": 214.745725,
            "p(95)": 217.4019753,
            "avg": 209.04259678290063
        },
        "vus": {
            "max": 40,
            "value": 40,
            "min": 1
        },
        "http_req_receiving": {
            "avg": 0.08669675908626655,
            "min": 0.004,
            "med": 0.029,
            "max": 20.642,
            "p(90)": 0.12,
            "p(95)": 0.173
        },
        "http_req_tls_handshaking": {
            "avg": 0,
            "min": 0,
            "med": 0,
            "max": 0,
            "p(90)": 0,
            "p(95)": 0
        }
    }
}