{
    "metrics": {
        "data_sent": {
            "count": 6286332,
            "rate": 20943.042726338186
        },
        "iteration_duration": {
            "min": 203.733709,
            "med": 208.79875,
            "max": 396.464,
            "p(90)": 211.78260880000002,
            "p(95)": 213.9756832,
            "avg": 209.38938618997247
        },
        "http_req_duration{expected_response:true}": {
            "p(95)": 13.692799999999995,
            "avg": 9.150140557538212,
            "min": 3.522,
            "med": 8.588,
            "max": 196.294,
            "p(90)": 11.481
        },
        "http_req_blocked": {
            "avg": 0.004894881329707874,
            "min": 0,
            "med": 0.002,
            "max": 6.788,
            "p(90)": 0.003,
            "p(95)": 0.005
        },
        "vus_max": {
            "value": 40,
            "min": 40,
            "max": 40
        },
        "http_req_tls_handshaking": {
            "med": 0,
            "max": 0,
            "p(90)": 0,
            "p(95)": 0,
            "avg": 0,
            "min": 0
        },
        "checks": {
            "passes": 40069,
            "fails": 0,
            "value": 1
        },
        "http_req_failed": {
            "passes": 0,
            "fails": 40069,
            "thresholds": {
                "rate<0.01": false
            },
            "value": 0
        },
        "data_received": {
            "count": 5697037,
            "rate": 18979.794465919
        },
        "http_req_duration": {
            "avg": 9.150140557538212,
            "min": 3.522,
            "med": 8.588,
            "max": 196.294,
            "p(90)": 11.481,
            "p(95)": 13.692799999999995,
            "thresholds": {
                "p(95)<800": false
            }
        },
        "http_req_receiving": {
            "avg": 0.04204809204122775,
            "min": 0.005,
            "med": 0.032,
            "max": 3.547,
            "p(90)": 0.079,
            "p(95)": 0.10159999999999822
        },
        "vus": {
            "value": 40,
            "min": 1,
            "max": 40
        },
        "http_reqs": {
            "count": 40069,
            "rate": 133.49068725635948
        },
        "http_req_sending": {
            "p(90)": 0.015,
            "p(95)": 0.021,
            "avg": 0.009320172702086927,
            "min": 0.002,
            "med": 0.006,
            "max": 3.082
        },
        "iterations": {
            "count": 40069,
            "rate": 133.49068725635948
        },
        "http_req_waiting": {
            "p(95)": 13.621799999999986,
            "avg": 9.098772292794804,
            "min": 3.478,
            "med": 8.542,
            "max": 196.195,
            "p(90)": 11.416
        },
        "http_req_connecting": {
            "avg": 0.0020284509221592767,
            "min": 0,
            "med": 0,
            "max": 1.401,
            "p(90)": 0,
            "p(95)": 0
        }
    },
    "root_group": {
        "name": "",
        "path": "",
        "id": "d41d8cd98f00b204e9800998ecf8427e",
        "groups": {},
        "checks": {
                "status 200": {
                    "id": "fad9fa412b86fcb03bee97c80dcd61f1",
                    "passes": 40069,
                    "fails": 0,
                    "name": "status 200",
                    "path": "::status 200"
                }
            }
    }
}