{
    "root_group": {
        "name": "",
        "path": "",
        "id": "d41d8cd98f00b204e9800998ecf8427e",
        "groups": {},
        "checks": {
                "status 200": {
                    "name": "status 200",
                    "path": "::status 200",
                    "id": "fad9fa412b86fcb03bee97c80dcd61f1",
                    "passes": 40018,
                    "fails": 0
                }
            }
    },
    "metrics": {
        "vus_max": {
            "value": 40,
            "min": 40,
            "max": 40
        },
        "http_req_tls_handshaking": {
            "p(95)": 0,
            "avg": 0,
            "min": 0,
            "med": 0,
            "max": 0,
            "p(90)": 0
        },
        "http_req_waiting": {
            "p(90)": 14.357,
            "p(95)": 17.759299999999996,
            "avg": 8.999276575541007,
            "min": 1.677,
            "med": 7.138,
            "max": 274.62
        },
        "http_req_blocked": {
            "max": 5.58,
            "p(90)": 0.007,
            "p(95)": 0.01,
            "avg": 0.00866290169423504,
            "min": 0,
            "med": 0.003
        },
        "data_sent": {
            "count": 6278334,
            "rate": 20917.463785760378
        },
        "http_req_receiving": {
            "p(90)": 0.12,
            "p(95)": 0.183,
            "avg": 0.08805020240891556,
            "min": 0.005,
            "med": 0.03,
            "max": 16.642
        },
        "checks": {
            "passes": 40018,
            "fails": 0,
            "value": 1
        },
        "http_req_duration{expected_response:true}": {
            "p(90)": 14.582300000000002,
            "p(95)": 18.05615,
            "avg": 9.107489029936575,
            "min": 1.7,
            "med": 7.208,
            "max": 274.639
        },
        "data_received": {
            "count": 5729794,
            "rate": 19089.898449949796
        },
        "vus": {
            "value": 40,
            "min": 1,
            "max": 40
        },
        "iteration_duration": {
            "p(95)": 218.9782018,
            "avg": 209.65259626030806,
            "min": 201.806208,
            "med": 207.6563545,
            "max": 474.797833,
            "p(90)": 215.5094125
        },
        "iterations": {
            "rate": 133.32757794958962,
            "count": 40018
        },
        "http_req_failed": {
            "fails": 40018,
            "passes": 0,
            "thresholds": {
                "rate<0.01": false
            },
            "value": 0
        },
        "http_req_duration": {
            "p(95)": 18.05615,
            "avg": 9.107489029936575,
            "min": 1.7,
            "med": 7.208,
            "max": 274.639,
            "p(90)": 14.582300000000002,
            "thresholds": {
                "p(95)<800": false
            }
        },
        "http_reqs": {
            "count": 40018,
            "rate": 133.32757794958962
        },
        "http_req_connecting": {
            "avg": 0.0036000549752611354,
            "min": 0,
            "med": 0,
            "max": 3.902,
            "p(90)": 0,
            "p(95)": 0
        },
        "http_req_sending": {
            "p(90)": 0.029,
            "p(95)": 0.043,
            "avg": 0.020162251986605505,
            "min": 0.002,
            "med": 0.009,
            "max": 32.674
        }
    }
}