{
    "root_group": {
        "id": "d41d8cd98f00b204e9800998ecf8427e",
        "groups": {},
        "checks": {
                "status 200": {
                    "passes": 40155,
                    "fails": 0,
                    "name": "status 200",
                    "path": "::status 200",
                    "id": "fad9fa412b86fcb03bee97c80dcd61f1"
                }
            },
        "name": "",
        "path": ""
    },
    "metrics": {
        "checks": {
            "passes": 40155,
            "fails": 0,
            "value": 1
        },
        "http_req_connecting": {
            "avg": 0.0035628937865770124,
            "min": 0,
            "med": 0,
            "max": 3.111,
            "p(90)": 0,
            "p(95)": 0
        },
        "http_req_waiting": {
            "med": 7.171,
            "max": 76.44,
            "p(90)": 13.1216,
            "p(95)": 15.613899999999994,
            "avg": 8.254273739260325,
            "min": 1.693
        },
        "http_req_failed": {
            "passes": 0,
            "fails": 40155,
            "thresholds": {
                "rate<0.01": false
            },
            "value": 0
        },
        "data_received": {
            "count": 5749442,
            "rate": 19151.488657615864
        },
        "http_req_sending": {
            "avg": 0.01818092391981005,
            "min": 0.002,
            "med": 0.009,
            "max": 6.905,
            "p(90)": 0.027,
            "p(95)": 0.041
        },
        "data_sent": {
            "count": 6299864,
            "rate": 20984.953659941697
        },
        "http_req_duration{expected_response:true}": {
            "avg": 8.376459868011397,
            "min": 1.757,
            "med": 7.254,
            "max": 76.572,
            "p(90)": 13.367200000000002,
            "p(95)": 15.832
        },
        "iterations": {
            "count": 40155,
            "rate": 133.75698494681137
        },
        "http_req_tls_handshaking": {
            "avg": 0,
            "min": 0,
            "med": 0,
            "max": 0,
            "p(90)": 0,
            "p(95)": 0
        },
        "http_req_receiving": {
            "p(95)": 0.192,
            "avg": 0.10400520483127793,
            "min": 0.004,
            "med": 0.029,
            "max": 12.1,
            "p(90)": 0.12
        },
        "http_req_duration": {
            "avg": 8.376459868011397,
            "min": 1.757,
            "med": 7.254,
            "max": 76.572,
            "p(90)": 13.367200000000002,
            "p(95)": 15.832,
            "thresholds": {
                "p(95)<800": false
            }
        },
        "vus": {
            "value": 40,
            "min": 1,
            "max": 40
        },
        "vus_max": {
            "value": 40,
            "min": 40,
            "max": 40
        },
        "http_req_blocked": {
            "max": 3.185,
            "p(90)": 0.007,
            "p(95)": 0.01,
            "avg": 0.00829834391731783,
            "min": 0,
            "med": 0.003
        },
        "iteration_duration": {
            "p(95)": 216.7218671,
            "avg": 208.89921941043664,
            "min": 201.866583,
            "med": 207.74125,
            "max": 276.819958,
            "p(90)": 214.235042
        },
        "http_reqs": {
            "count": 40155,
            "rate": 133.75698494681137
        }
    }
}